date,close,volume
2018-01-01,100.14901424590337,1015359
2018-01-02,100.10753495555201,966707
2018-01-03,100.30184151698222,1151351
2018-01-04,100.75875047390463,1138511
2018-01-05,100.68850446148763,1135718
2018-01-08,100.61826337440287,965428
2018-01-09,101.0920272190551,950601
2018-01-10,101.32225763780096,1295755
2018-01-11,101.18141532202048,1011487
2018-01-12,101.34418333509628,1053741
2018-01-15,101.20515802725252,1151924
2018-01-16,101.06543910118145,1159153
2018-01-17,101.13802778265126,1190372
2018-01-18,100.56404370925392,1149430
2018-01-19,100.04656835950001,1022788
2018-01-22,99.87788210072772,997239
2018-01-23,99.57403276462739,926928
2018-01-24,99.66830696440597,1180466
2018-01-25,99.39589974174962,1250040
2018-01-26,98.97220863134902,962292
2018-01-29,99.41190326202549,929055
2018-01-30,99.34417037187953,1205035
2018-01-31,99.36442883328591,981912
2018-02-01,98.93700437742187,1037660
2018-02-02,98.77368956006431,1252680
2018-02-05,98.80696633697728,1168448
2018-02-06,98.46166826375058,907345
2018-02-07,98.57437766925429,1060372
2018-02-08,98.39418606227865,991006
2018-02-09,98.30667793734067,1029350
2018-02-12,98.12616595367184,1064437
2018-02-13,98.68184940902452,1181590
2018-02-14,98.67780024160315,1164480
2018-02-15,98.36048696291637,1224176
2018-02-16,98.60725043654733,1106487
2018-02-19,98.24099734155602,997852
2018-02-20,98.30365642005745,1038593
2018-02-21,97.71575538289352,1102779
2018-02-22,97.31729956822399,1054553
2018-02-23,97.37635793898473,1180618
2018-02-26,97.59789791298336,1077832
2018-02-27,97.64930839734035,1217862
2018-02-28,97.61461391262387,1206773
2018-03-01,97.52428280394709,945232
2018-03-02,97.08072620683686,1248688
2018-03-05,96.86477294431845,1159013
2018-03-06,96.72658131303051,1212813
2018-03-07,97.04371798089618,1109093
2018-03-08,97.14680346776672,1231328
2018-03-09,96.61789142115789,1079017
2018-03-12,96.71511661197634,913140
2018-03-13,96.59959192785144,1288612
2018-03-14,96.39651532775966,983457
2018-03-15,96.58001821441192,914357
2018-03-16,96.8893180711607,1011672
2018-03-19,97.16870210689557,1230817
2018-03-20,96.91693684992877,1021673
2018-03-21,96.8241731371734,965633
2018-03-22,96.92355216659448,1108015
2018-03-23,97.21621570473118,996111
2018-03-26,97.07246343337759,1240402
2018-03-27,97.01676574037845,969286
2018-03-28,96.68486524817664,993269
2018-03-29,96.32600326095243,1158635
2018-03-30,96.56976100767069,974071
2018-04-02,96.97663301624195,1121095
2018-04-03,96.95502997976784,930651
2018-04-04,97.25608984913545,970202
2018-04-05,97.36458065664974,948777
2018-04-06,97.1710447302682,1048066
2018-04-09,97.27946341192073,1229407
2018-04-10,97.74087438186052,1090706
2018-04-11,97.73012657012754,1000158
2018-04-12,98.19951966687174,1172944
2018-04-13,97.41359613564481,1199967
2018-04-16,97.66016688695738,1139647
2018-04-17,97.68628100742883,1226022
2018-04-18,97.59657880228907,1180852
2018-04-19,97.62410703524972,1043891
2018-04-20,97.02783636086946,1105977
2018-04-23,96.9619347945182,963870
2018-04-24,97.06906856597172,909283
2018-04-25,97.51243677939418,1061645
2018-04-26,97.35695571391209,1240851
2018-04-27,97.11440763304412,905774
2018-04-30,96.96388051996877,1103127
2018-05-01,97.2385011552794,1042055
2018-05-02,97.33712648817729,996468
2018-05-03,97.17819842704718,1258478
2018-05-04,97.33217865698118,1180277
2018-05-07,97.3613019217856,900781
2018-05-08,97.65189541894547,1014586
2018-05-09,97.44127949078226,1189768
2018-05-10,97.34298084680293,906823
2018-05-11,97.22534840086328,918489
2018-05-14,96.78629391642365,1071033
2018-05-15,96.87512999954302,1191262
2018-05-16,96.95344658119699,1000417
2018-05-17,96.95498061818972,981816
2018-05-18,96.88460447817718,1053335
2018-05-21,96.45999325556205,1175709
2018-05-22,96.33379965873245,1051426
2018-05-23,96.23098530377442,1074023
2018-05-24,95.99030212300794,1253323
2018-05-25,95.94191640950814,923648
2018-05-28,96.0631316665525,941971
2018-05-29,96.62898743691565,918658
2018-05-30,96.6813607807652,921253
2018-05-31,96.75862589798203,1079635
2018-06-01,96.73629212325218,1057462
2018-06-04,96.16066075866247,1250808
2018-06-05,96.15270659602771,1082650
2018-06-06,96.17077565901002,1110097
2018-06-07,96.9097482927556,1003850
2018-06-08,96.85204000332126,1037924
2018-06-11,96.94250420602134,1126058
2018-06-12,96.93209067510978,1033623
2018-06-13,96.58148726382392,1234091
2018-06-14,96.92433410817841,961001
2018-06-15,97.14991401798446,1080231
2018-06-18,97.38722360209736,1022775
2018-06-19,97.11440736565895,933243
2018-06-20,97.53524565893977,1052872
2018-06-21,97.11469034010209,1238083
2018-06-22,97.29074746824217,1219972
2018-06-25,97.94788415598516,1161716
2018-06-26,97.65072325844596,1168854
2018-06-27,97.48083393956513,1071918
2018-06-28,97.51072934909142,1119055
2018-06-29,97.35968665285655,1200135
2018-07-02,96.89448762353672,1110129
2018-07-03,96.91505651597853,1247589
2018-07-04,96.5963654018607,1108139
2018-07-05,96.73844313105126,980257
2018-07-06,96.46261586078111,1199855
2018-07-09,96.92759618228636,906530
2018-07-10,96.6926201945855,1173260
2018-07-11,96.5960017397238,965794
2018-07-12,96.8400569049347,1293498
2018-07-13,96.47079761000451,1110545
2018-07-16,96.53903559038575,1032970
2018-07-17,96.93117841667048,904135
2018-07-18,96.4489334463021,1299845
2018-07-19,96.5043236038618,1271616
2018-07-20,96.58228844213633,1287291
2018-07-23,96.81683530366952,1150870
2018-07-24,96.4457500904061,989087
2018-07-25,96.04961310648082,1096103
2018-07-26,96.20619557616588,1195524
2018-07-27,96.29529097813584,1292095
2018-07-30,96.3704388332396,1179215
2018-07-31,96.4743732960887,920074
2018-08-01,96.27036587961514,1121796
2018-08-02,96.34004198876345,967843
2018-08-03,96.42796373075305,939901
2018-08-06,96.21365830534515,1173349
2018-08-07,96.77339065868857,1286805
2018-08-08,96.9155405349621,1168050
2018-08-09,96.55814948580131,1295807
2018-08-10,96.75511556839146,1287720
2018-08-13,96.46271106732327,962987
2018-08-14,96.698836448446,1242829
2018-08-15,97.04641512214822,1272598
2018-08-16,96.8002104266427,1267631
2018-08-17,97.08922326541601,954400
2018-08-20,97.21305754349696,1056222
2018-08-21,97.4596755914953,931852
2018-08-22,98.02871348629148,1214900
2018-08-23,97.95509705149063,1277501
2018-08-24,97.72897620218338,1019052
2018-08-27,97.46212187329571,956481
2018-08-28,97.21737878780608,1163427
2018-08-29,97.19424827498186,933691
2018-08-30,97.29659386742685,1294341
2018-08-31,97.37960110722585,1098137
2018-09-03,97.62775608193667,926170
2018-09-04,97.63165664950003,908438
2018-09-05,98.06771687264722,1182239
2018-09-06,97.98831982267585,1047226
2018-09-07,98.80437057265273,1171896
2018-09-10,98.99207077698223,955426
2018-09-11,98.73492351005734,1139968
2018-09-12,98.41365576063902,1188963
2018-09-13,98.55839748521197,1254195
2018-09-14,98.49135864961421,1055289
2018-09-17,98.70555879784185,1161501
2018-09-18,98.8475300852139,1119780
2018-09-19,98.82568141141684,1195138
2018-09-20,98.57164329599632,1046108
2018-09-21,98.11718912859057,1108347
2018-09-24,97.98323464297046,997756
2018-09-25,98.2401542812675,995665
2018-09-26,98.30438240450655,1031717
2018-09-27,97.93066077089296,1062002
2018-09-28,97.98261504864831,1161691
2018-10-01,98.09821026256697,981835
2018-10-02,97.83305303170663,1022232
2018-10-03,97.87917056349029,1118561
2018-10-04,97.89663317902408,1143051
2018-10-05,97.5537420896749,1057547
2018-10-08,97.66107829777938,943732
2018-10-09,97.82931365568986,1112695
2018-10-10,98.15422902864243,1208449
2018-10-11,98.47036964425291,1077109
2018-10-12,98.05706883386578,909346
2018-10-15,97.77572132189124,1162731
2018-10-16,97.93023190205383,912763
2018-10-17,98.0843676873275,1090237
2018-10-18,98.23888199321932,1138553
2018-10-19,99.39470144041573,1231759
2018-10-22,99.56596859362368,1020987
2018-10-23,99.90663828567786,1116823
2018-10-24,100.19283881472582,991353
2018-10-25,100.38825619011756,1121373
2018-10-26,100.29367541672546,1257792
2018-10-29,100.52136618287344,925556
2018-10-30,100.28951861851216,1221186
2018-10-31,100.21847303649017,918099
2018-11-01,100.07286397214143,1271233
2018-11-02,100.09742621395733,1076168
2018-11-05,100.79182378395939,1103058
2018-11-06,100.23164422618186,1044302
2018-11-07,100.43752228329421,1102041
2018-11-08,99.95370752193732,933866
2018-11-09,99.81212796220049,1005400
2018-11-12,100.1388131412907,1246390
2018-11-13,100.15809714701933,1239119
2018-11-14,99.83477371364054,1243701
2018-11-15,99.62018260086255,1037488
2018-11-16,99.82406192554296,972516
2018-11-19,99.60495193602782,1086987
2018-11-20,99.66988951290242,1194746
2018-11-21,99.68356106487356,1089139
2018-11-22,99.4880809605918,1058588
2018-11-23,100.1312641873894,1029295
2018-11-26,100.3214398940848,987969
2018-11-27,99.71389711808753,1032161
2018-11-28,99.76983341251835,1105735
2018-11-29,99.57129747308784,1041559
2018-11-30,99.82702747352671,1162299
2018-12-03,99.58927125199689,1023950
2018-12-04,99.55485031955682,1229638
2018-12-05,99.70634650325097,976229
2018-12-06,99.966073061502,1004648
2018-12-07,99.60598413938527,938547
2018-12-10,99.50563376863298,928795
2018-12-11,99.3631501752847,1086368
2018-12-12,99.16715140551258,921447
2018-12-13,99.69678767759692,1067670
2018-12-14,99.8182821908852,1121823
2018-12-17,99.44001700458469,1156190
2018-12-18,99.71537558870112,1106402
2018-12-19,100.35202244780491,1152419
2018-12-20,100.66176202597025,1129817
2018-12-21,100.20595103618405,1250104
2018-12-24,100.06068081432417,1225422
2018-12-25,100.44075415908016,955077
2018-12-26,100.22845331939452,1012782
2018-12-27,100.36159914783839,1002932
2018-12-28,100.5939893638672,1272013
2018-12-31,100.31591022239377,1210925
2019-01-01,100.29805261557523,1086339
2019-01-02,99.32567241355451,1215942
2019-01-03,99.01835612115423,998696
2019-01-04,98.94258567573627,950939
2019-01-07,98.56825072114681,1191660
2019-01-08,99.0579741123263,1087598
2019-01-09,98.62893169893812,1041521
2019-01-10,98.49691835292903,950290
2019-01-11,98.53614052611485,1288832
2019-01-14,98.96852251283468,1248805
2019-01-15,98.53776386748085,1235098
2019-01-16,98.88671299312735,1184890
2019-01-17,98.88978291143322,967990
2019-01-18,98.59533031611883,958810
2019-01-21,98.7339613583978,1018362
2019-01-22,98.79367926706985,1046295
2019-01-23,98.61361420392221,1033669
2019-01-24,98.63455482941922,1096749
2019-01-25,98.51896075036069,1164803
2019-01-28,98.55301595393607,986516
2019-01-29,98.75165515629239,974567
2019-01-30,99.22746020113598,1177181
2019-01-31,98.85611555148793,1026498
2019-02-01,99.49602556388481,1077810
2019-02-04,98.91039922402805,912109
2019-02-05,98.86486369551739,1184154
2019-02-06,99.04135885746275,1170931
2019-02-07,99.12565641778328,1139472
2019-02-08,98.9388465618371,1039544
2019-02-11,98.8764098867299,1146183
2019-02-12,98.72850960633225,1054455
2019-02-13,98.551700179249,1223853
2019-02-14,98.8065808083553,1144325
2019-02-15,98.91368545414481,934518
2019-02-18,98.70581257556663,953909
2019-02-19,98.9756925381966,1180495
2019-02-20,99.06788239445957,1100696
2019-02-21,99.31174103011126,915282
2019-02-22,99.50062968268836,1139017
2019-02-25,99.25193117941173,1167219
2019-02-26,99.08387686735264,1079526
2019-02-27,99.30806494888962,928365
2019-02-28,99.49117602851966,1173146
2019-03-01,99.48490555033041,1176091
2019-03-04,99.52010376532304,1110294
2019-03-05,99.90340323405957,1256984
2019-03-06,99.72593181740882,1016219
2019-03-07,99.89006103175984,1240754
2019-03-08,99.82940323602966,1214286
2019-03-11,99.7640988750615,956307
2019-03-12,100.09373193065765,1035565
2019-03-13,100.34135683535406,1155095
2019-03-14,100.58540972615425,1212229
2019-03-15,100.97705336830056,934228
2019-03-18,100.98335452079039,1110748
2019-03-19,101.18794041217888,943472
2019-03-20,101.09486038520083,1211581
2019-03-21,101.19211029094737,1221855
2019-03-22,101.15306737463706,1037888
2019-03-25,101.18216616413488,977175
2019-03-26,101.36071327176596,964307
2019-03-27,101.11524706679592,1208877
2019-03-28,101.74296324950156,1290346
2019-03-29,101.44115803505164,995028
2019-04-01,101.07690145121532,1042312
2019-04-02,101.42433471326534,992493
2019-04-03,101.66183352145423,1025149
2019-04-04,101.84906946656987,1129416
2019-04-05,102.03757311934915,1102435
2019-04-08,102.03389908749507,1063834
2019-04-09,101.76472277604933,1170403
2019-04-10,101.78746414350745,1081211
2019-04-11,101.58431563005381,1290919
2019-04-12,101.87685155007914,1176993
2019-04-15,101.8327343356285,1243912
2019-04-16,101.58508517659074,1268252
2019-04-17,101.48866942409485,1251853
2019-04-18,101.61254886037753,1217013
2019-04-19,101.44343149453634,1289032
2019-04-22,101.1967653758664,963095
2019-04-23,101.26987153931398,1017886
2019-04-24,101.3433615106466,1233054
2019-04-25,101.19127855803526,1185711
2019-04-26,101.04996706634977,935292
2019-04-29,101.11958204755706,974813
2019-04-30,100.68515674510786,997136
2019-05-01,100.2629176127949,951631
2019-05-02,100.04738434641916,909885
2019-05-03,99.9833502009056,1085378
2019-05-06,100.07662247058501,1228458
2019-05-07,100.51922933566988,1227231
2019-05-08,100.77652722263048,1258142
2019-05-09,100.72854566364146,949812
2019-05-10,100.72284080127065,1081572
2019-05-13,100.4220819918793,1220787
2019-05-14,100.41652805108158,944900
2019-05-15,100.32993045940555,1178432
2019-05-16,100.42674602750697,972692
2019-05-17,100.17857674444127,1247580
2019-05-20,100.33438069871363,1127208
2019-05-21,100.7942023726144,946403
2019-05-22,100.76157432807734,991170
2019-05-23,100.88208784470703,1171312
2019-05-24,101.08913104222036,1212023
2019-05-27,100.9687649006546,959871
2019-05-28,101.03599264519774,932174
2019-05-29,101.03977036543228,1130823
2019-05-30,101.06907319499692,1123563
2019-05-31,100.83717025984028,1037653
2019-06-03,100.84452331211796,1010155
2019-06-04,100.9939227994916,1233997
2019-06-05,101.4292658818301,1226190
2019-06-06,101.71704712965567,1211822
2019-06-07,102.36300186690914,1188793
2019-06-10,102.13279759804273,1027795
2019-06-11,102.39449378905893,988668
2019-06-12,102.44949639078044,1113397
2019-06-13,103.10643727074573,1045639
2019-06-14,102.86394778513919,1252050
2019-06-17,102.61203123248495,1139141
2019-06-18,102.43221343885175,996019
2019-06-19,101.79504472155881,1240146
2019-06-20,101.63731821505458,928803
2019-06-21,101.40957841658847,1049302
2019-06-24,101.45469655253133,1048934
2019-06-25,101.55722334526448,1130147
2019-06-26,102.12007459702924,930795
2019-06-27,102.40520174848506,1170914
2019-06-28,102.23213065178633,911093
2019-07-01,101.96260625038184,1293409
2019-07-02,102.11018200183378,1262455
2019-07-03,101.7141120397276,1179713
2019-07-04,102.2635496694839,1173334
2019-07-05,102.61738170570028,1224968
2019-07-08,102.47662901006888,1073824
2019-07-09,101.96268865134161,1063399
2019-07-10,102.36885036359124,1204214
2019-07-11,102.33448841001545,940197
2019-07-12,102.70583330360749,902261
2019-07-15,102.22750500596918,1057584
2019-07-16,102.04769249908304,1299932
2019-07-17,102.0492656089985,1248939
2019-07-18,102.06335978712792,1191077
2019-07-19,101.92834014568415,1035450
2019-07-22,102.1151951253884,940583
2019-07-23,101.79490899657362,1274226
2019-07-24,101.75219515106723,1247515
2019-07-25,101.7882838405808,1060105
2019-07-26,101.94261549079843,1011032
2019-07-29,102.1560999542251,1106940
2019-07-30,101.81870732667373,1204748
2019-07-31,101.35847307545305,1257218
2019-08-01,101.7417761220226,1126727
2019-08-02,101.84147032561647,973869
2019-08-05,101.6169243646495,1167554
2019-08-06,102.08226995730627,1245519
2019-08-07,102.11697234759413,1087116
2019-08-08,102.47076150281328,1094387
2019-08-09,102.49101704723631,1258199
2019-08-12,103.1092414247009,1102416
2019-08-13,103.63584367743387,986716
2019-08-14,103.56115443289013,954245
2019-08-15,103.85262571817644,943056
2019-08-16,104.046238503052,1150736
2019-08-19,104.45682797031169,1220701
2019-08-20,104.16735093213767,1179687
2019-08-21,104.3731663701372,1125683
2019-08-22,104.69069371619207,1258182
2019-08-23,104.16307187026514,1165972
2019-08-26,103.8080943164654,1016656
2019-08-27,103.19632466313737,917087
2019-08-28,103.11550261280401,1193481
2019-08-29,103.3307652895428,1036554
2019-08-30,103.7814724051716,1227477
2019-09-02,103.80370083929753,1082024
2019-09-03,104.29228550296892,1036535
2019-09-04,103.87825506550446,1143236
2019-09-05,103.36724033369791,970448
2019-09-06,103.35057602402892,904648
2019-09-09,103.46579565871072,1292720
2019-09-10,103.45598723428249,1195767
2019-09-11,102.83575460427053,935634
2019-09-12,102.80901859241669,1276742
2019-09-13,102.41767774226524,1211478
2019-09-16,102.61857950691424,1230792
2019-09-17,102.7285589807433,922054
2019-09-18,102.4465950448451,970028
2019-09-19,102.29243496964409,922207
2019-09-20,101.9746709130774,1130893
2019-09-23,101.95586718389545,981554
2019-09-24,102.24240988004583,1052458
2019-09-25,101.94669206614516,983276
2019-09-26,102.09790602080051,1214925
2019-09-27,101.93882873528878,1083852
2019-09-30,101.70096688561007,1092512
2019-10-01,101.66885777762371,1223179
2019-10-02,101.3582850808979,908210
2019-10-03,101.19219028929375,944363
2019-10-04,100.83282692151708,1142247
2019-10-07,101.422244461392,978279
2019-10-08,101.43282352698353,1091420
2019-10-09,101.22290587458575,1086356
2019-10-10,101.28709984780602,1103196
2019-10-11,101.25340143289877,1099919
2019-10-14,101.18711055303879,1157324
2019-10-15,101.37136056305182,1095161
2019-10-16,101.59861287606601,1130363
2019-10-17,101.43946253178285,1034393
2019-10-18,101.26671705958945,1243492
2019-10-21,101.18420155044396,1275960
2019-10-22,100.49362520102329,1109754
2019-10-23,100.03906788236372,1023053
2019-10-24,100.44913016259707,1083965
2019-10-25,100.94262047664746,1066892
2019-10-28,100.86790966478056,1228406
2019-10-29,101.04087675369728,1034832
2019-10-30,101.13425180006034,1053262
2019-10-31,102.05791604259691,967411
2019-11-01,102.39378851602729,1185521
2019-11-04,102.35541323858305,938211
2019-11-05,102.06875110640293,1113981
2019-11-06,101.58681721032565,1165888
2019-11-07,101.64785630108582,1156638
2019-11-08,101.42095107750053,1187139
2019-11-11,100.99427496462123,1048049
2019-11-12,100.80030309934847,1129010
2019-11-13,100.47583869826416,934542
2019-11-14,100.98198118878592,910651
2019-11-15,101.24647311587076,999239
2019-11-18,101.24408132347577,1241075
2019-11-19,101.68806456514278,1126416
2019-11-20,101.71127505743706,1264256
2019-11-21,101.45288979703858,1178859
2019-11-22,101.90982702021948,1055378
2019-11-25,102.07150003332488,1050158
2019-11-26,101.76032618702695,1223494
2019-11-27,101.70322458360187,1233569
2019-11-28,101.44053910758643,1248264
2019-11-29,101.02569918829714,1277033
2019-12-02,101.30355245255663,1041130
2019-12-03,101.87637744469767,1155948
2019-12-04,101.45680717255192,1236781
2019-12-05,101.62569794355909,1232338
2019-12-06,101.43050517282255,1239061
2019-12-09,101.28436755769313,964200
2019-12-10,101.10664938042147,1005848
2019-12-11,100.84745214951754,1006022
2019-12-12,100.86200863790098,1077691
2019-12-13,100.61272360297767,1156453
2019-12-16,100.69386065071161,1222202
2019-12-17,100.67878921787688,962068
2019-12-18,100.60710480381695,1262076
2019-12-19,100.33483570520447,1061445
2019-12-20,100.16180430603397,1064226
2019-12-23,100.3884216737817,1037103
2019-12-24,100.53869683006901,1124605
2019-12-25,100.24543025662945,1103047
2019-12-26,100.27522994825821,1184929
2019-12-27,100.50064608526975,1149768
2019-12-30,99.99982450093334,1059741
2019-12-31,100.16283255864732,994475
2020-01-01,99.96404543096357,902282
2020-01-02,100.13522503154152,1065696
2020-01-03,99.90624728457877,1079510
2020-01-06,99.36478265437941,1120972
2020-01-07,98.87651992301446,1229678
2020-01-08,98.89094540701288,1062777
2020-01-09,98.96886215752932,1237108
2020-01-10,98.697567169998,1068509
2020-01-13,98.8891449076312,1108944
2020-01-14,98.39068888895052,1019006
2020-01-15,98.37086494935633,1136440
2020-01-16,98.00756008942759,1104054
2020-01-17,97.81200925708694,1212727
2020-01-20,97.82622885848187,1200536
2020-01-21,97.56810484889668,907461
2020-01-22,97.45273818562774,1000123
2020-01-23,97.75462602839207,1172660
2020-01-24,97.58155846753512,1048586
2020-01-27,97.83226610115466,1283395
2020-01-28,97.49335404475738,1131496
2020-01-29,97.65229529813196,1067860
2020-01-30,98.08476588432933,1106821
2020-01-31,97.34327253429115,1092121
2020-02-03,97.10420395765,1224637
2020-02-04,97.27732559580416,936027
2020-02-05,97.21641197999126,1255691
2020-02-06,97.32775574200267,1073921
2020-02-07,97.14656018598791,1262271
2020-02-10,97.17253712222978,1048930
2020-02-11,97.12583395161217,1115234
2020-02-12,97.4761685701101,979003
2020-02-13,97.55249482310046,1083467
2020-02-14,97.65377562172303,939758
2020-02-17,97.53021253188629,1216456
2020-02-18,97.38393066466453,1230814
2020-02-19,97.25416320831866,982279
2020-02-20,97.37249885103213,915434
2020-02-21,97.24620350678606,1095119
2020-02-24,97.33313596385499,1237913
2020-02-25,97.95575620344862,1145754
2020-02-26,98.21709361447813,1228821
2020-02-27,98.11928655482777,983555
2020-02-28,98.47965073147695,1028379
2020-03-02,98.3572281195705,1116992
2020-03-03,97.74579075901714,1139511
2020-03-04,97.44336486574191,1076806
2020-03-05,96.88212728943415,1263809
2020-03-06,96.77667324422177,968803
2020-03-09,96.78219875797863,1253847
2020-03-10,97.28512995166122,1183456
2020-03-11,97.38320816379046,1124448
2020-03-12,97.3174780051478,1075251
2020-03-13,97.56629967950285,1102514
2020-03-16,96.90295908680048,1145404
2020-03-17,96.97364345423306,1017961
2020-03-18,97.20490301239914,1202523
2020-03-19,96.7613271386652,917297
2020-03-20,97.10445335162727,1164155
2020-03-23,97.2060022738756,1020234
2020-03-24,97.08141589970535,944014
2020-03-25,97.27125045953724,1143166
2020-03-26,97.95245831687856,1256477
2020-03-27,98.0070181933961,1078570
2020-03-30,98.08148436928622,1158864
2020-03-31,97.94367609942414,1173264
2020-04-01,97.6887227885847,1184996
2020-04-02,97.93782353354797,1241383
2020-04-03,97.68099838577531,1294145
2020-04-06,97.70246825694113,1108559
2020-04-07,97.5591710229116,991575
2020-04-08,97.70286497063552,995040
2020-04-09,97.8029636022216,1048510
2020-04-10,98.11422558549897,1079587
2020-04-13,97.96122066584255,905744
2020-04-14,97.88025818525453,1114892
2020-04-15,97.58662907051983,1204503
2020-04-16,97.453341092497,1050871
2020-04-17,97.56653124041046,1260890
2020-04-20,97.79362782540406,1124834
2020-04-21,97.51697822815078,1020906
2020-04-22,97.77786000418247,1101260
2020-04-23,98.18455136182396,1120931
2020-04-24,98.30858183279108,1153593
2020-04-27,98.87162057655848,1138746
2020-04-28,98.63948381682742,907597
2020-04-29,98.266087405834,1209237
2020-04-30,97.73247133116271,1103199
2020-05-01,98.18128462460946,1276794
2020-05-04,98.37759432151569,1108434
2020-05-05,98.36091892024254,1057489
2020-05-06,98.4449095081385,1283100
2020-05-07,98.10726279394898,1015598
2020-05-08,98.84098838783403,1150100
2020-05-11,98.8797547424266,1158589
2020-05-12,98.91257318080807,1084233
2020-05-13,99.13030316797767,1152388
2020-05-14,99.27460593749869,1033241
2020-05-15,99.34177114478243,1115164
2020-05-18,99.10462880814883,1053124
2020-05-19,99.24606931528963,1104923
2020-05-20,99.81067666423213,908036
2020-05-21,100.21430267807864,931778
2020-05-22,100.69225866607046,1054245
2020-05-25,100.53889396314109,1061475
2020-05-26,100.24201251706353,1102747
2020-05-27,100.20427644103363,1299560
2020-05-28,100.22099391472024,918800
2020-05-29,100.54925137026152,1187516
2020-06-01,100.04151198134707,1223660
2020-06-02,100.50037707718526,1182682
2020-06-03,100.45297470761156,1226062
2020-06-04,100.32491038662734,1233299
2020-06-05,100.02127907404929,1131312
2020-06-08,99.52482207248956,959500
2020-06-09,99.77177324767813,1067647
2020-06-10,99.79376863783465,1136527
2020-06-11,99.40678036791233,1010659
2020-06-12,99.01825673629325,927716
2020-06-15,98.9175213265062,1296452
2020-06-16,99.41822778409303,902352
2020-06-17,99.34035037868395,1033004
2020-06-18,98.88940749274852,1238593
2020-06-19,98.81568457352273,908556
2020-06-22,98.73386750259843,1161973
2020-06-23,97.92480150971596,1248980
2020-06-24,97.90851304976061,1036570
2020-06-25,97.83923269069801,1107190
2020-06-26,98.04809460014204,950098
2020-06-29,98.60278142862565,1274313
2020-06-30,98.94075093748997,1040641
2020-07-01,98.86008433032352,1147199
2020-07-02,98.52812655770101,1026060
2020-07-03,99.30013449867597,1087954
2020-07-06,99.31790002888032,1101465
2020-07-07,99.32207881645421,1030544
2020-07-08,99.31484129032121,900340
2020-07-09,99.37426671855157,1075021
2020-07-10,99.33095859497438,982302
2020-07-13,99.15885999291031,1122740
2020-07-14,98.99480231053819,900138
2020-07-15,98.9849763294734,1293574
2020-07-16,98.82194889813326,1019619
2020-07-17,98.60809516333012,1247520
2020-07-20,98.64002423163768,999931
2020-07-21,98.56353106641143,1056951
2020-07-22,99.01472896298623,1243676
2020-07-23,98.21943802046833,1217922
2020-07-24,98.54689007604506,937772
2020-07-27,98.92071563379436,958478
2020-07-28,98.29869856407191,926762
2020-07-29,98.1958922858478,1044355
2020-07-30,98.08446002604907,1094994
2020-07-31,97.66220651763372,1070492
2020-08-03,97.42886151135646,1217712
2020-08-04,97.09568875771672,1247234
2020-08-05,97.6213698907438,1182363
2020-08-06,97.90207340868804,1219313
2020-08-07,98.28353993718629,974965
2020-08-10,98.50004155639925,1077912
2020-08-11,98.16132602503409,1075767
2020-08-12,98.00396994515015,1136281
2020-08-13,98.15078231351853,984754
2020-08-14,97.78414397085095,977988
2020-08-17,97.99804349990266,1050023
2020-08-18,97.92594588045522,1032379
2020-08-19,97.81349963819034,980388
2020-08-20,98.02678762865139,1252912
2020-08-21,98.1600666220972,1197572
2020-08-24,98.05177677235147,1139779
2020-08-25,98.39957571336075,1254165
2020-08-26,98.07525671508078,1280562
2020-08-27,98.26003739716406,1106846
2020-08-28,98.43796777455458,1070047
2020-08-31,98.34510384276038,1032212
2020-09-01,98.44294374943301,1188565
2020-09-02,98.06760967651742,1163852
2020-09-03,98.34481778227949,1296846
2020-09-04,98.2893471413466,976021
2020-09-07,98.13253023519088,1059380
2020-09-08,98.44723300294196,944789
2020-09-09,98.23592989577912,926086
2020-09-10,97.81339150687006,1179003
2020-09-11,97.34640275481289,907684
2020-09-14,97.52820574021658,991088
2020-09-15,97.14407693446769,1294423
2020-09-16,97.670515189063,946099
2020-09-17,97.04593636669789,966093
2020-09-18,97.5548732771849,1060761
2020-09-21,97.61817851734568,1210795
2020-09-22,97.58916458378457,913893
2020-09-23,97.42568885774187,966418
2020-09-24,97.5454296920475,1025074
2020-09-25,97.53413928132005,1265209
2020-09-28,97.865129845925,1030351
2020-09-29,97.89939814052362,1091083
2020-09-30,97.94448866896218,938635
2020-10-01,97.83540500529801,995071
2020-10-02,97.8183213181817,1240662
2020-10-05,97.91066184884932,1268377
2020-10-06,97.39761133105233,1265795
2020-10-07,96.99315570442062,972805
2020-10-08,97.21613493262743,1284957
2020-10-09,97.26739456406581,1241207
2020-10-12,97.21219956316001,1164598
2020-10-13,97.21772974307963,1183022
2020-10-14,97.32200425468812,1082170
2020-10-15,97.16007635059532,1093226
2020-10-16,96.92658493297462,1044063
2020-10-19,96.98533850950393,968344
2020-10-20,96.69182667621942,1267090
2020-10-21,96.81430250293377,936593
2020-10-22,96.30352742166241,936304
2020-10-23,96.6122741128601,1086292
2020-10-26,96.75405335758401,1013613
2020-10-27,96.83086227787818,1100410
2020-10-28,97.12566957306183,918354
2020-10-29,97.62531190640061,1184334
2020-10-30,97.92962292590605,906142
2020-11-02,97.37736065650655,1083043
2020-11-03,96.99348756648584,1204006
2020-11-04,96.80604199317713,1084482
2020-11-05,96.81386930824038,1050575
2020-11-06,96.96916701438113,1025438
2020-11-09,96.75144387043508,948456
2020-11-10,96.80747389977822,1000167
2020-11-11,96.58085902007221,1244179
2020-11-12,96.39740367917463,1170160
2020-11-13,95.97540535012016,1164528
2020-11-16,95.6984353762869,1093392
2020-11-17,95.29292999460199,1002239
2020-11-18,95.00016801870879,1011431
2020-11-19,95.31626055769114,1242162
2020-11-20,95.03144089104156,940510
2020-11-23,95.82115551049277,1080005
2020-11-24,95.96915088075704,1183970
2020-11-25,96.02460171786551,1230170
2020-11-26,95.76709438381114,1021668
2020-11-27,95.97718734763384,1142700
2020-11-30,95.80449599976251,924045
2020-12-01,95.84109894415612,1081948
2020-12-02,96.60912430563675,990102
2020-12-03,96.58030633571936,1214063
2020-12-04,96.92508833360506,999441
2020-12-07,96.7141354060673,1058175
2020-12-08,96.70363885891821,1149877
2020-12-09,97.23487904960886,1036917
2020-12-10,97.04678893227253,1117770
2020-12-11,97.5905234996716,1018325
2020-12-14,97.80284908030825,919337
2020-12-15,97.63410904753997,1053385
2020-12-16,97.82383136925662,1240093
2020-12-17,98.11559770414465,1162420
2020-12-18,98.3021406928098,1213295
2020-12-21,97.83107327684267,1043016
2020-12-22,97.61293212409521,1215031
2020-12-23,97.53867653342975,981442
2020-12-24,97.51634650469974,949847
2020-12-25,97.70254813396494,958653
2020-12-28,97.75585843424491,1117144
2020-12-29,97.35525512663189,1153661
2020-12-30,97.46931448193368,1218766
2020-12-31,97.65249020551883,1189954
2021-01-01,97.82042733989813,977842
2021-01-04,98.14466155756452,1284369
2021-01-05,98.3948382039292,1172647
2021-01-06,98.53259222769773,984761
2021-01-07,98.51154251426013,1288583
2021-01-08,98.01325423420533,1173734
2021-01-11,98.1421396999451,1041958
2021-01-12,98.20444600609405,1228768
2021-01-13,98.28591965725266,1063864
2021-01-14,97.90289508450657,1156910
2021-01-15,97.57857812238409,1020356
2021-01-18,97.89452397838396,1117228
2021-01-19,97.88265743222696,942727
2021-01-20,98.08710764143875,1240615
2021-01-21,98.09560315427788,908068
2021-01-22,98.10452999612662,1016923
2021-01-25,98.38601513791941,911390
2021-01-26,98.23120171945419,1006752
2021-01-27,98.26003795253649,1256898
2021-01-28,98.12135536592498,1238113
2021-01-29,97.99100649769528,1046110
2021-02-01,97.89825486065469,1124790
2021-02-02,97.9648949921448,1239208
2021-02-03,97.82127040564576,921281
2021-02-04,98.19799724331781,954189
2021-02-05,97.92961505265197,1162093
2021-02-08,97.87355355940356,1210655
2021-02-09,97.7416342419213,1022115
2021-02-10,98.17572760722743,908605
2021-02-11,98.2346940401809,1262462
2021-02-12,98.5442474020215,1294597
2021-02-15,98.0985792901104,1181954
2021-02-16,98.17869436987118,1149415
2021-02-17,98.44558360855821,1055394
2021-02-18,98.47026880534084,941869
2021-02-19,98.78991291786045,932955
2021-02-22,98.63472638283032,961388
2021-02-23,99.057530614886,1141324
2021-02-24,99.74720005197177,910207
2021-02-25,99.63834848383988,1118401
2021-02-26,99.50469772741965,1059292
2021-03-01,99.94071307055496,1105157
2021-03-02,100.41458471427417,922031
2021-03-03,100.2577267061282,1242951
2021-03-04,100.13167066099943,971312
2021-03-05,100.04713527834129,959766
2021-03-08,99.643800125031,1043521
2021-03-09,99.36820454108575,1251977
2021-03-10,99.06696231106012,1087771
2021-03-11,98.83662304152888,1137199
2021-03-12,98.82621757531285,1136731
2021-03-15,98.8964819950738,1135841
2021-03-16,99.36163214291803,1011041
2021-03-17,99.0621259306964,1016185
2021-03-18,99.35742265023937,1077164
2021-03-19,99.29322599697171,910350
2021-03-22,99.27838688407599,1127230
2021-03-23,99.48083273172597,1263003
2021-03-24,99.14401612525728,1161570
2021-03-25,99.25873904911249,968487
2021-03-26,99.3086747115764,1048694
2021-03-29,99.45641009077885,1023853
2021-03-30,99.5431606839512,1215261
2021-03-31,100.27975072592446,1135062
2021-04-01,100.08842873064907,1133077
2021-04-02,99.92912964414852,1263228
2021-04-05,99.7421874862211,923782
2021-04-06,99.57554435047302,1190598
2021-04-07,99.38432821228106,1230048
2021-04-08,99.74103317161332,1029936
2021-04-09,100.16718444601028,1053245
2021-04-12,99.99596055788544,1022258
2021-04-13,99.74625388595418,1011668
2021-04-14,99.8876785528701,1286328
2021-04-15,99.7220116395858,1178710
2021-04-16,99.91189118491246,1038262
2021-04-19,99.97276809116785,938333
2021-04-20,99.51804485666868,1284073
2021-04-21,99.9822964170677,1111977
2021-04-22,100.52105971899636,989571
2021-04-23,100.33722311185103,1020263
2021-04-26,100.22091264387024,1294805
2021-04-27,100.30667226108771,925235
2021-04-28,100.40700929808382,900159
2021-04-29,100.60457257988567,1043217
2021-04-30,101.20763394151557,1062993
2021-05-03,101.15454977326736,1267003
2021-05-04,100.91506059990583,1047309
2021-05-05,100.50126483150146,1007507
2021-05-06,100.2819858195189,914743
2021-05-07,100.27204772765676,1128174
2021-05-10,100.81041508671208,946101
2021-05-11,100.65513169700124,1142717
2021-05-12,100.7222680824929,1021534
2021-05-13,100.71734121367108,1246371
2021-05-14,101.07385919570551,1130604
2021-05-17,101.83193892346759,1087450
2021-05-18,101.6726782915915,1233270
2021-05-19,101.52584645883603,1218215
2021-05-20,101.83909472195676,1102193
2021-05-21,102.04366216884465,1236907
2021-05-24,102.59767436656546,1135422
2021-05-25,102.77285282216324,1046721
2021-05-26,102.66506519492712,1068785
2021-05-27,102.84226164413482,1104535
2021-05-28,103.17487271830969,1076481
2021-05-31,103.4210173726689,1079838
2021-06-01,103.57319958200108,946154
2021-06-02,103.89320198887783,1169160
2021-06-03,104.24399066601154,1251822
2021-06-04,104.6586383633228,1274200
2021-06-07,104.85325132959969,954238
2021-06-08,104.80311590550463,1220752
2021-06-09,104.84713001143463,989081
2021-06-10,105.20908270138713,1147644
2021-06-11,104.96400200009096,1213105
2021-06-14,105.07460399275283,1099775
2021-06-15,104.95660234905462,1189061
2021-06-16,104.96522579593507,1190134
2021-06-17,105.34876135471725,962551
2021-06-18,105.40609107512323,1110695
2021-06-21,105.42002203957007,1053512
2021-06-22,105.0120651972761,1066277
2021-06-23,105.23594126708427,980811
2021-06-24,105.42958652142659,1154840
2021-06-25,106.07856293841823,1217247
2021-06-28,105.98622946793233,1268266
2021-06-29,106.05197456623151,1134104
2021-06-30,106.12678967134474,919008
2021-07-01,106.60002565527378,1102346
2021-07-02,106.57143699555769,932402
2021-07-05,106.65514345328879,1084456
2021-07-06,106.83751240620376,1159994
2021-07-07,106.89349514315066,1299009
2021-07-08,106.7595650587855,1036643
2021-07-09,106.817792056655,1013550
2021-07-12,107.13988158161293,991218
2021-07-13,106.83192699178962,1033296
2021-07-14,106.87181789403367,1079767
2021-07-15,106.66178164955193,1282923
2021-07-16,107.02029563822937,1291858
2021-07-19,106.56333956679424,1141060
2021-07-20,106.39566301261277,1140016
2021-07-21,106.50882657513212,932441
2021-07-22,106.97848378390242,1138038
2021-07-23,106.95875870558052,1070201
2021-07-26,106.79219884757256,1131324
2021-07-27,107.35654596840475,1224512
2021-07-28,106.92214179827987,992122
2021-07-29,106.26250001129385,944760
2021-07-30,106.39450434630984,1185622
2021-08-02,106.24388807900407,1290025
2021-08-03,105.93751823386485,1233998
2021-08-04,106.15002516805465,1256374
2021-08-05,106.22316538218601,1247860
2021-08-06,106.05394179296499,1043252
2021-08-09,105.66985047336372,998538
2021-08-10,105.93158767184778,915372
2021-08-11,106.12664802523537,1191940
2021-08-12,106.09689526610155,1121035
2021-08-13,106.65088636491586,1260970
2021-08-16,106.329860935018,1282736
2021-08-17,105.87220338374058,1255779
2021-08-18,105.66463096277622,1011022
2021-08-19,105.65095515786956,954040
2021-08-20,105.72395699266637,1237501
2021-08-23,105.65158617530948,1102440
2021-08-24,105.75720279426376,978356
2021-08-25,105.38174096700664,1178355
2021-08-26,105.81487034822861,1267570
2021-08-27,105.79022499471084,1167986
2021-08-30,106.12541374418727,1228996
2021-08-31,106.22823134810059,1287881
2021-09-01,106.36525731384673,1208112
2021-09-02,106.53618749791639,1179652
2021-09-03,106.67050006592157,1053077
2021-09-06,106.86331689388184,954575
2021-09-07,107.26206265292157,1050043
2021-09-08,107.321019003832,966914
2021-09-09,107.53372013110857,1149134
2021-09-10,107.5067994228224,967055
2021-09-13,107.93883458745724,987697
2021-09-14,107.73591689683946,1006239
2021-09-15,108.2761990267127,1135469
2021-09-16,108.2641516415194,1023106
2021-09-17,107.83491911088399,1167499
2021-09-20,107.87335043535722,1216264
2021-09-21,107.66903493811476,1200486
2021-09-22,107.92122800281138,902257
2021-09-23,107.72544080902065,1189508
2021-09-24,107.59158577905622,1056044
2021-09-27,107.02472355977257,1011715
2021-09-28,106.88903166399784,926654
2021-09-29,106.16186786600916,1111841
2021-09-30,105.68669701896344,1243567
2021-10-01,105.91482141580673,1191464
2021-10-04,106.15056146340197,920808
2021-10-05,106.27819873193747,952389
2021-10-06,105.9881058889987,1018581
2021-10-07,105.97379248215611,1027927
2021-10-08,105.97271172042893,934773
2021-10-11,105.62520231367118,1082240
2021-10-12,106.07622180420132,1238540
2021-10-13,106.33943049137402,1269836
2021-10-14,106.27314123922513,1114764
2021-10-15,106.28120699092348,957505
2021-10-18,106.34372183330774,1248040
2021-10-19,105.73120137278046,918135
2021-10-20,105.65704815802428,990887
2021-10-21,105.45245288362494,1022118
2021-10-22,105.15196688065646,1209521
2021-10-25,105.06763679279068,1054626
2021-10-26,105.60694275084553,1224635
2021-10-27,105.79919560922563,1145739
2021-10-28,105.6278419122908,1220427
2021-10-29,105.79961674669765,1179067
2021-11-01,106.21942337767345,1209735
2021-11-02,106.49681348254728,962261
2021-11-03,106.51470259352334,1216480
2021-11-04,106.32062156021166,1236227
2021-11-05,106.53008855429574,960948
2021-11-08,106.64813416992226,1140891
2021-11-09,106.91669213593059,1064074
2021-11-10,107.10724367643517,1188816
2021-11-11,107.42210949103098,1166357
2021-11-12,107.26153892756281,1041365
2021-11-15,107.6567571472531,962507
2021-11-16,107.71603702866082,957134
2021-11-17,108.3386152904484,1033172
2021-11-18,108.13185894502153,1141225
2021-11-19,108.65264808597111,1093069
2021-11-22,108.7120213210099,1190316
2021-11-23,108.51659591992556,1182276
2021-11-24,108.37143016970927,1148933
2021-11-25,108.27532597725097,1180343
2021-11-26,108.40257576117155,936609
2021-11-29,108.5594264075822,1074037
2021-11-30,108.38731640640063,1039088
2021-12-01,108.38001002872232,1194025
2021-12-02,109.0226911363059,1113666
2021-12-03,109.5409540873361,1186616
2021-12-06,109.6718511882383,1082885
2021-12-07,109.68325223168877,1131440
2021-12-08,109.71926162970425,1157803
2021-12-09,109.90331702152338,1067093
2021-12-10,109.59647925196386,1216275
2021-12-13,109.51926629073685,1055159
2021-12-14,109.01869106857357,912828
2021-12-15,109.13845800535516,1258808
2021-12-16,109.33261678726598,1032473
2021-12-17,109.18766084857617,1177337
2021-12-20,109.65985687756319,1123461
2021-12-21,109.29212717866248,1264662
2021-12-22,108.85281471459953,1181755
2021-12-23,108.92015026016753,1074863
2021-12-24,109.23427975095117,1238384
2021-12-27,109.73945805838854,1139719
2021-12-28,109.60179277952784,1108475
2021-12-29,109.92539702955723,1164889
2021-12-30,109.91384448870703,1217387
2021-12-31,109.86205629872478,1166010
2022-01-03,110.12715427997078,1063317
2022-01-04,110.3228511434948,1290825
2022-01-05,109.84993349639953,971354
2022-01-06,110.2928956013173,951374
2022-01-07,110.70692300756154,1014397
2022-01-10,110.51925419710868,1148552
2022-01-11,110.6379952571399,1286721
2022-01-12,110.78620431302473,1243173
2022-01-13,110.8644064427719,1255718
2022-01-14,110.69931489661826,1192575
2022-01-17,110.49782788623685,929336
2022-01-18,110.49016166493942,1203136
2022-01-19,110.84198037071722,955350
2022-01-20,111.00506041709556,969561
2022-01-21,110.89387611746973,1214099
2022-01-24,111.12538573066423,961240
2022-01-25,110.27082294447521,1051165
2022-01-26,110.61545265458685,1299371
2022-01-27,110.09353852095342,946607
2022-01-28,109.98480623853247,1086740
2022-01-31,109.64890527014462,1081196
2022-02-01,109.26050082742836,1215014
2022-02-02,109.6087488636419,964110
2022-02-03,109.46843850324834,1084626
2022-02-04,109.57238966776755,1052008
2022-02-07,109.5583134941038,1279039
2022-02-08,109.70142574227074,904426
2022-02-09,109.72447230958882,1119911
2022-02-10,109.33957464233225,1189750
2022-02-11,109.63845468816639,928151
2022-02-14,109.490327713218,1173452
2022-02-15,109.02335314362007,1140853
2022-02-16,108.8949185953303,1154595
2022-02-17,109.34514653252059,1076743
2022-02-18,109.60021305515464,990306
2022-02-21,109.49561741483228,1125180
2022-02-22,109.39084010353675,1269128
2022-02-23,109.29434958817154,902204
2022-02-24,109.91737398323978,992769
2022-02-25,110.03195461890925,987265
2022-02-28,110.16096711306658,1193275
2022-03-01,110.47005214927613,952428
2022-03-02,110.54168889698408,933870
2022-03-03,110.46397625323787,1003547
2022-03-04,110.40507129851238,1135990
2022-03-07,110.38359092068816,949067
2022-03-08,110.3724242497352,1138083
2022-03-09,110.5907131128263,1012217
2022-03-10,110.60629687856849,998934
2022-03-11,110.82608890173316,1042980
2022-03-14,110.80187392770058,1236851
2022-03-15,110.82546448479542,1109329
2022-03-16,110.22600427943578,1157354
2022-03-17,110.50090258184653,961215
2022-03-18,110.60484912461592,1086907
2022-03-21,110.90425215757382,1211573
2022-03-22,110.03537554411571,1244296
2022-03-23,110.66188795554993,1008048
2022-03-24,110.62001106710338,1069530
2022-03-25,110.95246591212464,1077241
2022-03-28,110.64049413398698,1038731
2022-03-29,110.82432630550575,1139977
2022-03-30,110.50830163655365,1239384
2022-03-31,110.32117094834491,1013688
2022-04-01,110.89538035450494,1208617
2022-04-04,110.83817563427594,1258906
2022-04-05,110.90340549622985,1120460
2022-04-06,111.16442581543649,1269100
2022-04-07,111.31313038182826,1280596
2022-04-08,111.35825605337133,1086823
2022-04-11,111.4677443541112,1288455
2022-04-12,112.18876902968269,1109987
2022-04-13,112.1714833905726,1169150
2022-04-14,112.2318131045871,1149243
2022-04-15,112.54700942338938,974218
2022-04-18,112.87866720327678,1096416
2022-04-19,113.2347762949449,932430
2022-04-20,113.42639536155365,923091
2022-04-21,113.0834938877345,1157125
2022-04-22,113.57352334742484,923989
2022-04-25,113.22961972951923,975451
2022-04-26,113.32041036909094,918990
2022-04-27,113.09412761408512,1252414
2022-04-28,113.07488611010723,1242504
2022-04-29,113.17351483319828,1150541
2022-05-02,113.26992199783336,1198225
2022-05-03,113.39649822410394,1042105
2022-05-04,113.88061160482154,1270416
2022-05-05,114.01667189527573,1178385
2022-05-06,113.94342490468854,1024932
2022-05-09,114.23265105517504,1168083
2022-05-10,114.58949220185244,1013000
2022-05-11,114.22120985731134,1078634
2022-05-12,114.4004298782663,935063
2022-05-13,114.61078170095956,1107793
2022-05-16,114.52151264995157,1058117
2022-05-17,114.93422469394505,1209262
2022-05-18,114.8892080178353,984703
2022-05-19,114.92688095387676,1135796
2022-05-20,114.8749594065916,1028557
2022-05-23,114.87963312086603,1189220
2022-05-24,114.55075059479748,1153317
2022-05-25,114.11873533001919,1095877
2022-05-26,114.59708684898668,1206749
2022-05-27,114.34299844449117,1246709
2022-05-30,114.04558073965428,1201265
2022-05-31,113.39956370557317,1193577
2022-06-01,113.20787518126632,943309
2022-06-02,112.81094824324407,1229612
2022-06-03,113.30355279128499,1229437
2022-06-06,113.60649791808777,1258402
2022-06-07,113.40005281453446,1200549
2022-06-08,114.07578355613775,943527
2022-06-09,114.37031320223522,1239371
2022-06-10,114.27286378718264,1293708
2022-06-13,113.52304207272057,1124490
2022-06-14,114.21032484449779,1039883
2022-06-15,113.79345310446871,993344
2022-06-16,113.29983348038164,1055344
2022-06-17,113.60660460998453,1123564
2022-06-20,114.33853033188632,947153
2022-06-21,114.75381217743947,1008042
2022-06-22,114.92298491345518,954110
2022-06-23,115.10141121595477,1045051
2022-06-24,115.35743588358886,1141131
2022-06-27,115.58511446052489,1139173
2022-06-28,115.6694718877157,928328
2022-06-29,115.70073221890127,1012911
2022-06-30,115.6819542805314,1175011
2022-07-01,115.4557649038714,959234
2022-07-04,115.37156238081137,1187995
2022-07-05,114.86367533655276,1193423
2022-07-06,114.83417344851433,1148503
2022-07-07,114.53759611636906,1127135
2022-07-08,114.20651932120433,973402
2022-07-11,114.26048756655037,1177593
2022-07-12,114.67808825245375,1238365
2022-07-13,114.95358323425444,1251224
2022-07-14,114.48243305316748,905451
2022-07-15,114.1855446121964,987178
2022-07-18,114.46777596859286,1225905
2022-07-19,114.17302975053136,1136562
2022-07-20,114.10563980553225,1201014
2022-07-21,114.27065543523962,1258710
2022-07-22,113.98015209878054,1285893
2022-07-25,114.01176475062432,1023765
2022-07-26,113.61155710214885,1287025
2022-07-27,113.43114680896349,1028389
2022-07-28,113.52708138920624,1089699
2022-07-29,113.04918326914675,1097227
2022-08-01,113.18132569053486,1187516
2022-08-02,113.17543435085686,1165786
2022-08-03,113.34118133718201,1160220
2022-08-04,113.40835557740141,1196208
2022-08-05,113.81759770639356,1125898
2022-08-08,113.85516505718793,1176266
2022-08-09,113.72634339485036,968431
2022-08-10,113.76303264576003,955745
2022-08-11,113.92602205447096,950081
2022-08-12,113.94068007556866,1116204
2022-08-15,113.95285758292984,976253
2022-08-16,113.74226007658781,1198335
2022-08-17,113.54338980132252,1172355
2022-08-18,113.12260821978262,1011086
2022-08-19,113.64748124273869,1264115
2022-08-22,113.27432227212131,993783
2022-08-23,113.06645071278254,1025681
2022-08-24,112.85092853311178,987893
2022-08-25,113.11940584619511,1058763
2022-08-26,113.03092094270751,977960
2022-08-29,113.40524356450962,1246532
2022-08-30,113.20319637723647,922601
2022-08-31,113.2868946259036,1039227
2022-09-01,113.03629050992568,1100191
2022-09-02,113.67983524825769,1067849
2022-09-05,113.32355572254885,1181854
2022-09-06,113.41650193561695,1270858
2022-09-07,113.60663499989658,1055604
2022-09-08,113.73077472913204,1028727
2022-09-09,113.67518843146871,963227
2022-09-12,113.63624222154868,1036039
2022-09-13,113.64938566314243,984289
2022-09-14,113.60528506265388,1051094
2022-09-15,113.89444879769235,1105743
2022-09-16,114.55760569816975,1167866
2022-09-19,114.39035816266741,1058485
2022-09-20,113.97941726879368,1243194
2022-09-21,113.9529326542883,1133820
2022-09-22,114.7268454555846,1136994
2022-09-23,114.48574308519369,1245740
2022-09-26,114.9774781268269,1228876
2022-09-27,115.48078837104984,968323
2022-09-28,115.31471189853744,1185960
2022-09-29,115.48540682229302,940695
2022-09-30,115.97392580923159,955841
2022-10-03,115.86018748693533,1290642
2022-10-04,115.79911337890462,1098784
2022-10-05,115.62460910472004,1007096
2022-10-06,115.32018208551217,992764
2022-10-07,115.12539882199238,985744
2022-10-10,114.7582167419637,1190626
2022-10-11,114.76844178244146,909171
2022-10-12,114.53744981312387,1000755
2022-10-13,114.60758558666109,1008125
2022-10-14,114.1408168928,1292866
2022-10-17,114.24008096246433,1268226
2022-10-18,114.49013965094701,903696
2022-10-19,113.89201895817558,1026310
2022-10-20,114.00423592912985,1051385
2022-10-21,114.37253662687183,1181293
2022-10-24,114.00964432126447,1292208
2022-10-25,114.5114160373158,1215665
2022-10-26,114.63712174012561,945740
2022-10-27,114.42561818339809,1006611
2022-10-28,114.40888746010077,1298172
2022-10-31,114.57638553385729,1148922
2022-11-01,114.59918715128101,1228785
2022-11-02,114.76081394901492,963811
2022-11-03,114.48461187109112,1082385
2022-11-04,114.53542011830194,963232
2022-11-07,114.11130576923044,1177561
2022-11-08,114.07793795082583,1055801
2022-11-09,113.8067656583864,1012492
2022-11-10,113.58610667560947,930099
2022-11-11,113.95693462817259,1129206
2022-11-14,114.28432766435088,1018474
2022-11-15,114.46706910062304,1171400
2022-11-16,114.13937527122125,1143588
2022-11-17,114.04445273631282,934681
2022-11-18,114.40838204630657,991328
2022-11-21,114.45089712039854,1118512
2022-11-22,115.14669598239306,1205505
2022-11-23,115.26469133421136,934540
2022-11-24,115.32230606915837,1057608
2022-11-25,115.22957112989762,984700
2022-11-28,115.2696334013323,1240676
2022-11-29,115.22389245041813,1087647
2022-11-30,115.43632505342472,1289770
2022-12-01,115.7233357484631,1296087
2022-12-02,115.4875389103107,946002
2022-12-05,115.08816902424337,949812
2022-12-06,114.53730741231239,1091051
2022-12-07,114.68970481038615,1157906
2022-12-08,114.35869482853398,1008946
2022-12-09,113.71282765064825,966668
2022-12-12,113.82940123200753,999003
2022-12-13,114.57730108723737,1111142
2022-12-14,114.5754798137754,1120462
2022-12-15,114.8270270461109,1205142
2022-12-16,114.85157585367516,1094886
2022-12-19,114.82190895771782,1004601
2022-12-20,115.09763190261415,1169956
2022-12-21,115.01054953935756,961844
2022-12-22,115.09076723357913,1101165
2022-12-23,115.18727657543793,1295395
2022-12-26,114.98684943934501,1074870
2022-12-27,115.28446214420597,974601
2022-12-28,115.23197421719735,1210001
2022-12-29,115.0052506693495,1287699
2022-12-30,115.16620362242061,1182844
2023-01-02,114.89666322788331,1157927
2023-01-03,114.90511757509404,1073423
2023-01-04,114.90238187610078,993330
2023-01-05,115.22815054585026,1125391
2023-01-06,115.37056001571425,1113606
2023-01-09,115.3630519280907,1091387
2023-01-10,115.60838181785078,1141133
2023-01-11,116.02544408255598,1062627
2023-01-12,116.19278717446153,1225497
2023-01-13,116.19589296041455,1262916
2023-01-16,115.8023420907095,1078048
2023-01-17,115.48280799178688,1253646
2023-01-18,115.39124058048048,1276087
2023-01-19,115.2083869198327,1271994
2023-01-20,115.15229552893707,945095
2023-01-23,115.1692905064062,1045342
2023-01-24,115.32819833271321,1061980
2023-01-25,115.30704869929549,1177667
2023-01-26,115.45299919244336,962433
2023-01-27,115.47234151688639,919991
2023-01-30,114.87970154698023,1172919
2023-01-31,114.5979009288346,1247139
2023-02-01,114.55467466211812,1047745
2023-02-02,114.19176623926579,1022808
2023-02-03,114.37174485826465,1058128
2023-02-06,114.83097010796776,1037686
2023-02-07,115.19659866347695,907415
2023-02-08,115.13256580219789,1146038
2023-02-09,115.57978364325288,1154205
2023-02-10,115.62438388041352,1199188
2023-02-13,115.5232580890781,1088221
2023-02-14,115.33923729001582,1068616
2023-02-15,115.24849638406938,949976
2023-02-16,115.13204333850702,1165976
2023-02-17,115.18316820521966,1121883
2023-02-20,115.23134039953462,1111509
2023-02-21,115.23225420558065,1196292
2023-02-22,115.36333565650455,1139241
2023-02-23,115.72052953894045,1119526
2023-02-24,116.00539577957285,1274374
2023-02-27,115.55992638903788,1247220
2023-02-28,114.79375004856729,1200546
2023-03-01,115.07404602193907,1088799
2023-03-02,114.66398241241444,938578
2023-03-03,114.59655279184665,990453
2023-03-06,114.24551888402883,1237859
2023-03-07,113.70492475275483,1108859
2023-03-08,113.86736357121626,1011435
2023-03-09,114.09511011930707,1116101
2023-03-10,113.92215699908904,1051538
2023-03-13,113.14484431144557,1257886
2023-03-14,112.98097097696983,945475
2023-03-15,113.09851217859058,1222286
2023-03-16,112.65483870795835,1116232
2023-03-17,112.7098466838921,1057636
2023-03-20,112.7052537291402,1053484
2023-03-21,112.87904117902052,993526
2023-03-22,112.91491528954477,951001
2023-03-23,112.6229946072803,1219793
2023-03-24,112.98196605777964,1092029
2023-03-27,112.93440718587155,1044228
2023-03-28,112.92621582401857,925711
2023-03-29,112.64623543629662,930106
2023-03-30,112.51325076093916,1227602
2023-03-31,112.2478099467311,1292573
2023-04-03,112.19592612875407,1117583
2023-04-04,112.70943867279676,1263898
2023-04-05,112.29786832991736,1038286
2023-04-06,111.81379991055434,1127189
2023-04-07,112.25515100880241,1026479
2023-04-10,112.19235390565686,1036213
2023-04-11,111.99163208405889,928884
2023-04-12,112.30360349027771,1164852
2023-04-13,112.12191882835666,1180519
2023-04-14,112.66972174242073,915088
2023-04-17,112.87309950382252,1219759
2023-04-18,112.7267260813788,1272282
2023-04-19,113.37391854535845,1076118
2023-04-20,113.19220406845744,1172158
2023-04-21,113.41483268006024,1095497
2023-04-24,113.50462045418219,1296489
2023-04-25,113.89514284100183,1078207
2023-04-26,114.36359620001988,1264986
2023-04-27,114.37319744473962,978077
2023-04-28,114.14717208363577,1039784
2023-05-01,114.2851637265175,1105776
2023-05-02,114.08184911559187,1215018
2023-05-03,114.68586528984986,969087
2023-05-04,114.72682588917468,1174441
2023-05-05,114.61722942378104,1140341
2023-05-08,114.67263351554051,1189272
2023-05-09,114.2684956286816,968368
2023-05-10,113.97701141712841,1119571
2023-05-11,114.33713558951173,1241102
2023-05-12,114.14006730582032,1195064
2023-05-15,113.82599401101574,1151514
2023-05-16,113.98698983677392,1042180
2023-05-17,114.34270108317283,1296016
2023-05-18,114.55838707637234,1159904
2023-05-19,114.85720138211408,1295826
2023-05-22,114.63016285554325,977603
2023-05-23,114.2036196555207,933872
2023-05-24,114.65401975110734,1172872
2023-05-25,114.5572157994547,1257246
2023-05-26,114.48196589451818,1284193
2023-05-29,114.88042413707291,1182727
2023-05-30,115.0472931398931,985774
2023-05-31,115.18405947151759,1288518
2023-06-01,115.83356017498791,1098522
2023-06-02,115.64050470587387,1120357
2023-06-05,115.91885674429824,1253262
2023-06-06,115.93596068176736,965942
2023-06-07,116.01653836542634,913689
2023-06-08,116.4750788933501,933276
2023-06-09,116.62742962023698,1001968
2023-06-12,116.78891844395187,1175194
2023-06-13,117.11067064514481,966216
2023-06-14,117.00118482628196,1115516
2023-06-15,116.74942192608025,1246184
2023-06-16,116.43597916787394,921644
2023-06-19,115.84607219106114,962021
2023-06-20,116.46293433004324,1068197
2023-06-21,116.13197182032673,942291
2023-06-22,116.065595733251,1294754
2023-06-23,115.98255174328432,1203664
2023-06-26,116.07477375262705,925675
2023-06-27,116.31949491638885,1049359
2023-06-28,116.57763696289678,1162318
2023-06-29,116.40271373132609,992268
2023-06-30,116.35257721719016,1197142
2023-07-03,116.43735120233666,1084384
2023-07-04,116.36274386448159,1005410
2023-07-05,116.8449475372876,1237369
2023-07-06,116.99224002277907,1206958
2023-07-07,117.21270335859401,1247235
2023-07-10,117.41156773919423,1212863
2023-07-11,117.76360989643983,1029887
2023-07-12,117.81791636405094,1196063
2023-07-13,117.42886677966419,1235299
2023-07-14,117.54877316518998,1233713
2023-07-17,117.35336609705243,1203472
2023-07-18,117.1947810925275,1101554
2023-07-19,117.37069029815403,1186762
2023-07-20,117.74217521958413,934675
2023-07-21,117.74855669260495,1181063
2023-07-24,117.84120659638464,1166317
2023-07-25,118.35187107977521,1271513
2023-07-26,118.42409703362178,1188544
2023-07-27,119.2046019678759,1081517
2023-07-28,119.37425486156536,970305
2023-07-31,118.84602603381862,1068636
2023-08-01,119.07202852014997,988791
2023-08-02,119.18637603561481,1059034
2023-08-03,119.57330186183964,970533
2023-08-04,119.77525626722061,1087256
2023-08-07,119.73371947202548,1265735
2023-08-08,119.36643000113868,1041650
2023-08-09,119.30372302395287,1031060
2023-08-10,119.04856688769007,1049696
2023-08-11,118.87440985274867,1201338
2023-08-14,119.05098337407485,1272047
2023-08-15,119.55195472538027,1293605
2023-08-16,119.67035618432716,1261447
2023-08-17,119.3115912657166,1142188
2023-08-18,119.44497206618266,1276047
2023-08-21,119.80396151217634,1229535
2023-08-22,119.62102664088053,1137501
2023-08-23,119.58082149087866,1220146
2023-08-24,119.58522794929742,1197675
2023-08-25,119.34975845537275,1083887
2023-08-28,119.54424258552591,904986
2023-08-29,119.50795814094357,1194442
2023-08-30,119.63381787411568,1163625
2023-08-31,119.36757022077505,1218552
2023-09-01,119.23633273067801,1100339
2023-09-04,119.45304713802635,1021950
2023-09-05,119.34119719239882,1025355
2023-09-06,119.85928634776884,927798
2023-09-07,119.73939549208447,991649
2023-09-08,119.80680090981002,1227031
2023-09-11,120.08657815937195,919477
2023-09-12,119.66106843949206,1117400
2023-09-13,119.13282579589782,1117060
2023-09-14,118.67512890152679,1289959
2023-09-15,119.05390413255495,1289570
2023-09-18,118.88834668878721,1186479
2023-09-19,119.65580647448768,1248754
2023-09-20,119.48653219489046,1173586
2023-09-21,119.54189758584957,1208433
2023-09-22,120.00453057161994,1215891
2023-09-25,120.60635843806767,1199471
2023-09-26,121.2248095110586,1234971
2023-09-27,121.58731938023654,1006464
2023-09-28,121.89453813797996,1031184
2023-09-29,122.07229622274033,987051
2023-10-02,122.30580454559032,1050653
2023-10-03,122.14044883069175,1145300
2023-10-04,121.89498916566507,959722
2023-10-05,121.89397682844178,992036
2023-10-06,121.8429214416843,1128634
2023-10-09,121.70695302688611,1047595
2023-10-10,121.91586926112313,1229104
2023-10-11,122.20246082369428,1148709
2023-10-12,122.22898288958184,1181696
2023-10-13,122.67224191389842,1041880
2023-10-16,122.32973517965837,1135419
2023-10-17,122.27163734187445,1054692
2023-10-18,122.05659064569362,1163031
2023-10-19,121.4966296605717,1193946
2023-10-20,121.47182545481888,985024
2023-10-23,121.4353012023039,1145809
2023-10-24,121.88933612527654,1018639
2023-10-25,122.07857963064298,1280392
2023-10-26,121.77132358334421,981938
2023-10-27,122.32755135324447,1117813
2023-10-30,122.69386146190207,1152100
2023-10-31,122.86849077294266,1284890
2023-11-01,122.80054554328771,1188193
2023-11-02,122.51271377227067,1239933
2023-11-03,122.40105173944934,984526
2023-11-06,122.7276763253606,946220
2023-11-07,123.293052217141,1208307
2023-11-08,123.75602527562265,1296981
2023-11-09,123.60937044908677,1279270
2023-11-10,123.27348521910005,1243630
2023-11-13,123.31575109317342,975277
2023-11-14,122.78521928350457,1266389
2023-11-15,122.88216959776,1022332
2023-11-16,122.8378888218704,1134231
2023-11-17,122.69807787130992,922931
2023-11-20,122.21966695112988,989116
2023-11-21,122.3737469831008,1151671
2023-11-22,122.21393673120222,1217777
2023-11-23,121.86296168048915,951913
2023-11-24,121.00128301650464,1150216
2023-11-27,120.99302854498946,994776
2023-11-28,121.52470402399038,925991
2023-11-29,122.02308178835474,1085917
2023-11-30,121.88595291137887,1004092
2023-12-01,121.70528929327033,1129577
2023-12-04,121.84592157009283,1086384
2023-12-05,121.54640593833635,1137113
2023-12-06,121.63694350828219,995556
2023-12-07,121.8667675917976,1225019
2023-12-08,122.23484755896288,1056989
2023-12-11,122.2048013360189,1224264
2023-12-12,122.1436992109658,1295204
2023-12-13,121.88030443493884,1272185
2023-12-14,121.63224032872688,1028467
2023-12-15,121.56429666115642,1280634
2023-12-18,121.67450631320128,1118800
2023-12-19,121.94858170107125,1026155
2023-12-20,121.70762801586716,1190374
2023-12-21,122.155434586555,959778
2023-12-22,122.07409750624224,945833
2023-12-25,122.0676873179377,1184769
2023-12-26,121.84352381419336,932088
2023-12-27,121.11625173611148,1110722
2023-12-28,121.3814653550198,1266081
2023-12-29,121.60251852414753,1096375
2024-01-01,121.51812025701206,976361
